{
  "logistic_regression": {
    "classification_report": {
      "0": {
        "precision": 0.9989079989079989,
        "recall": 0.9838666308147351,
        "f1-score": 0.9913302628014088,
        "support": 3719.0
      },
      "1": {
        "precision": 0.6756756756756757,
        "recall": 0.9689922480620154,
        "f1-score": 0.7961783439490446,
        "support": 129.0
      },
      "accuracy": 0.9833679833679834,
      "macro avg": {
        "precision": 0.8372918372918372,
        "recall": 0.9764294394383752,
        "f1-score": 0.8937543033752267,
        "support": 3848.0
      },
      "weighted avg": {
        "precision": 0.9880719880719879,
        "recall": 0.9833679833679834,
        "f1-score": 0.9847880077255369,
        "support": 3848.0
      }
    },
    "roc_auc": 0.9981740527898848,
    "confusion_matrix": [
      [
        3659,
        60
      ],
      [
        4,
        125
      ]
    ]
  },
  "random_forest": {
    "classification_report": {
      "0": {
        "precision": 0.9935501209352324,
        "recall": 0.9940844312987362,
        "f1-score": 0.9938172043010752,
        "support": 3719.0
      },
      "1": {
        "precision": 0.8267716535433071,
        "recall": 0.813953488372093,
        "f1-score": 0.8203125,
        "support": 129.0
      },
      "accuracy": 0.988045738045738,
      "macro avg": {
        "precision": 0.9101608872392697,
        "recall": 0.9040189598354147,
        "f1-score": 0.9070648521505376,
        "support": 3848.0
      },
      "weighted avg": {
        "precision": 0.987959054850628,
        "recall": 0.988045738045738,
        "f1-score": 0.9880006484656182,
        "support": 3848.0
      }
    },
    "roc_auc": 0.9960229368985161,
    "confusion_matrix": [
      [
        3697,
        22
      ],
      [
        24,
        105
      ]
    ]
  },
  "xgboost": {
    "classification_report": {
      "0": {
        "precision": 0.9967811158798283,
        "recall": 0.9991933315407368,
        "f1-score": 0.9979857660803008,
        "support": 3719.0
      },
      "1": {
        "precision": 0.975,
        "recall": 0.9069767441860465,
        "f1-score": 0.9397590361445783,
        "support": 129.0
      },
      "accuracy": 0.9961018711018711,
      "macro avg": {
        "precision": 0.9858905579399142,
        "recall": 0.9530850378633916,
        "f1-score": 0.9688724011124396,
        "support": 3848.0
      },
      "weighted avg": {
        "precision": 0.9960509277435243,
        "recall": 0.9961018711018711,
        "f1-score": 0.9960337785122894,
        "support": 3848.0
      }
    },
    "roc_auc": 0.999547682026718,
    "confusion_matrix": [
      [
        3716,
        3
      ],
      [
        12,
        117
      ]
    ]
  }
}